0.16,1.2660
0.17,0.8546
0.18,0.4222
0.19,-0.0037
0.20,-0.2802
0.21,-0.7298
0.22,-1.1603
0.23,-1.5926
0.24,-2.0042
0.25,-2.4381
0.26,-2.8341
0.27,-3.2318
0.28,-3.6123
0.29,-3.9755
0.30,-4.3214
0.31,-4.6501
0.32,-4.9615
0.33,-5.2557
0.34,-5.5327
0.35,-5.7924
0.36,-6.0364
0.37,-6.2459
0.38,-6.4194
0.39,-6.5758
0.40,-6.7164
0.41,-6.8225
0.42,-6.8943
0.43,-6.9301
0.44,-6.9488
0.45,-6.9532
0.46,-6.9030
0.47,-6.8357
0.48,-6.7527
0.49,-6.6338
0.50,-6.4977
0.51,-6.3460
0.52,-6.1599
0.53,-5.9379
0.54,-5.6988
0.55,-5.4441
0.56,-5.1519
0.57,-4.8629
0.58,-4.5380
0.59,-4.1959
0.60,-3.8351
0.61,-3.4775
0.62,-3.0807
0.63,-2.7061
0.64,-2.2921
0.65,-1.8986
0.66,-1.4863
0.67,-1.0740
0.68,-0.6635
0.69,-0.2322
0.70,0.1801
0.71,0.5924
0.72,1.0028
0.73,1.4360
0.74,1.8331
0.75,2.2111
0.76,2.5910
0.77,2.9557
0.78,3.2842
0.79,3.5955
0.80,3.8896
0.81,4.1646
0.82,4.4679
0.83,4.4760
0.84,4.7399
0.85,4.9482
0.86,5.1414
0.87,5.2962
0.88,5.4571
0.89,5.5645
0.90,5.6353
0.91,5.6890
0.92,5.7276
0.93,5.7318
0.94,5.7016
0.95,5.6327
0.96,5.5660
0.97,5.4862
0.98,5.3507
0.99,5.1979
1.00,5.0278
1.01,4.8426
1.02,4.6209
1.03,4.3779
1.04,4.1582
1.05,3.8920
1.06,3.7146
1.07,3.4260
1.08,3.1008
1.09,2.7565
1.10,2.4160
1.11,2.0352
1.12,1.6793
1.13,1.2604
1.14,0.9044
1.15,0.4893
1.16,0.0932
1.17,-0.3010
1.18,-0.7161
1.19,-1.1122
1.20,-1.5082
1.21,-1.9026
1.22,-2.3209
1.23,-2.6758
1.24,-3.1163
1.25,-3.4450
1.26,-3.7500
1.27,-4.1180
1.28,-4.4075
1.29,-4.7362
1.30,-5.0507
1.31,-5.3104
1.32,-5.5529
1.33,-5.7782
1.34,-5.9877
1.35,-6.1628
1.36,-6.3020
1.37,-6.4254
1.38,-6.5129
1.39,-6.5832
1.40,-6.6392
1.41,-6.6392
1.42,-6.6421
1.43,-6.6092
1.44,-6.5606
1.45,-6.4761
1.46,-6.3759
1.47,-6.2398
1.48,-6.0866
1.49,-5.9177
1.50,-5.7145
1.51,-5.4800
1.52,-5.1722
1.53,-4.8441
1.54,-4.5348
1.55,-4.2255
1.56,-3.9178
1.57,-3.5929
1.58,-3.2509
1.59,-2.8901
1.60,-2.5293
1.61,-2.1701
1.62,-1.7939
1.63,-1.3987
1.64,-1.0018
1.65,-0.6256
1.66,-0.2305
1.67,0.1665
1.68,0.5427
1.69,0.9397
1.70,1.3195
1.71,1.6803
1.72,2.0411
1.73,2.4058
1.74,2.7439
1.75,2.9655
1.76,3.2022
1.77,3.4771
1.78,3.7561
1.79,3.9987
1.80,4.2242
1.81,4.4305
1.82,4.6408
1.83,4.8168
1.84,4.9564
1.85,5.0788
1.86,5.1882
1.87,5.2398
1.88,5.2955
1.89,5.3169
1.90,5.2997
1.91,5.2866
1.92,5.2391
1.93,5.1552
1.94,5.0540
1.95,4.9356
1.96,4.8021
1.97,4.6340
1.98,4.4255
1.99,4.2402
2.00,4.0125
2.01,3.8192
2.02,3.6802
2.03,3.3856
2.04,3.1141
2.05,2.8042
2.06,2.4963
2.07,2.1768
2.08,1.7827
2.09,1.3694
2.10,0.9505
2.11,0.5908
2.12,0.2101
2.13,-0.1497
2.14,-0.5285
2.15,-0.9090
2.16,-1.2706
2.17,-1.6322
2.18,-1.9938
2.19,-2.3587
2.20,-2.6859
2.21,-3.0130
2.22,-3.3417
2.23,-3.6532
2.24,-3.9459
2.25,-4.2417
2.26,-4.4999
2.27,-4.7597
2.28,-5.0022
2.29,-5.2290
2.30,-5.4199
2.31,-5.5935
2.32,-5.7514
2.33,-5.8733
2.34,-5.9781
2.35,-6.0671
2.36,-6.1202
2.37,-6.1561
2.38,-6.1763
2.39,-6.1606
2.40,-6.1292
2.41,-6.0604
2.42,-5.9961
2.43,-5.8758
2.44,-5.7585
2.45,-5.6068
2.46,-5.4177
2.47,-5.2317
2.48,-5.0113
2.49,-4.7535
2.50,-4.4989
2.51,-4.2067
2.52,-3.9162
2.53,-3.6133
2.54,-3.2321
2.55,-2.8851
2.56,-2.5774
2.57,-2.2493
2.58,-1.9434
2.59,-1.5997
2.60,-1.2560
2.61,-0.9141
2.62,-0.5533
2.63,-0.1925
2.64,0.1683
2.65,0.5310
2.66,0.8728
2.67,1.2373
2.68,1.5638
2.69,1.8922
2.70,2.1996
2.71,2.5300
2.72,2.8260
2.73,3.0858
2.74,3.3264
2.75,3.5670
2.76,3.8136
2.77,4.0027
2.78,4.1979
2.79,4.3334
2.80,4.4922
2.81,4.6146
2.82,4.7198
2.83,4.8099
2.84,4.8635
2.85,4.8999
2.86,4.9213
2.87,4.9041
2.88,4.8909
2.89,4.8434
2.90,4.7595
2.91,4.6562
2.92,4.5591
2.93,4.4022
2.94,4.2686
2.95,4.1005
2.96,3.8960
2.97,3.6703
2.98,3.4598
2.99,3.3054
3.00,2.9725
3.01,2.6990
3.02,2.4102
3.03,2.0850
3.04,1.7387
3.05,1.4135
3.06,1.0692
3.07,0.7248
3.08,0.3823
3.09,0.0189
3.10,-0.3254
3.11,-0.6715
3.12,-1.0039
3.13,-1.2741
3.14,-1.6012
3.15,-1.9266
3.16,-2.2744
3.17,-2.5826
3.18,-2.9130
3.19,-3.2056
3.20,-3.4983
3.21,-3.7942
3.22,-4.0524
3.23,-4.3121
3.24,-4.5563
3.25,-4.7644
3.26,-4.9552
3.27,-5.1289
3.28,-5.2853
3.29,-5.4183
3.30,-5.6168
3.31,-5.6998
3.32,-5.8263
3.33,-5.8794
3.34,-5.9168
3.35,-5.9183
3.36,-5.9041
3.37,-5.8525
3.38,-5.8055
3.39,-5.7038
3.40,-5.5835
3.41,-5.4677
3.42,-5.2958
3.43,-5.1270
3.44,-4.9207
3.45,-4.7176
3.46,-4.4769
3.47,-4.2379
3.48,-3.9833
3.49,-3.6895
3.50,-3.4162
3.51,-3.1257
3.52,-2.8164
3.53,-2.5087
3.54,-2.1839
3.55,-1.8403
3.56,-1.4966
3.57,-1.1529
3.58,-0.8111
3.59,-0.4591
3.60,-0.0071
3.61,0.3953
3.62,0.7200
3.63,1.0655
3.64,1.3920
3.65,1.7222
3.66,2.0125
3.67,2.3237
3.68,2.6198
3.69,2.8756
3.70,3.1545
3.71,3.3971
3.72,3.6226
3.73,3.8288
3.74,4.0391
3.75,4.2131
3.76,4.3921
3.77,4.3243
3.78,4.4082
3.79,4.5134
3.80,4.6035
3.81,4.6592
3.82,4.6764
3.83,4.6976
3.84,4.6825
3.85,4.6501
3.86,4.6005
3.87,4.5378
3.88,4.4174
3.89,4.2969
3.90,4.1805
3.91,4.0257
3.92,3.8788
3.93,3.6411
3.94,3.5458
3.95,3.3836
3.96,3.1254
3.97,2.8692
3.98,2.5938
3.99,2.3222
4.00,2.0123
4.01,1.7043
4.02,1.3772
4.03,1.0520
4.04,0.7058
4.05,0.3805
4.06,0.0361
4.07,-0.3082
4.08,-0.6543
4.09,-0.9797
4.10,-1.3258
4.11,-1.6529
4.12,-1.9817
4.13,-2.2916
4.14,-2.6014
4.15,-2.9130
4.16,-3.2073
4.17,-3.4827
4.18,-3.7597
4.19,-4.0211
4.20,-4.2449
4.21,-4.4702
4.22,-4.6799
4.23,-4.8520
4.24,-5.0272
4.25,-5.1664
4.26,-5.2884
4.27,-5.3947
4.28,-5.4635
4.29,-5.5353
4.30,-5.5682
4.31,-5.6259
4.32,-5.6102
4.33,-5.5774
4.34,-5.5288
4.35,-5.4429
4.36,-5.3600
4.37,-5.2411
4.38,-5.1051
4.39,-4.9520
4.40,-4.7816
4.41,-4.5957
4.42,-4.3722
4.43,-4.1488
4.44,-3.9285
4.45,-3.6707
4.46,-3.4162
4.47,-3.1240
4.48,-2.8319
4.49,-2.5414
4.50,-2.2338
4.51,-1.9073
4.52,-1.5808
4.53,-1.2560
4.54,-0.9106
4.55,-0.5859
4.56,-0.2405
4.57,0.0842
4.58,0.4297
4.59,0.7562
4.60,1.0845
4.61,1.3939
4.62,1.7032
4.63,2.0125
4.64,2.3276
4.65,2.5854
4.66,2.8432
4.67,3.1030
4.68,3.3495
4.69,3.5445
4.70,3.6781
4.71,3.8580
4.72,3.9592
4.73,4.0815
4.74,4.1867
4.75,4.2727
4.76,4.3627
4.77,4.4143
4.78,4.4679
4.79,4.5044
4.80,4.5277
4.81,4.4933
4.82,4.4629
4.83,4.3941
4.84,4.3233
4.85,4.2656
4.86,4.2939
4.87,4.0268
4.88,4.0297
4.89,3.8384
4.90,3.6703
4.91,3.4657
4.92,3.2400
4.93,3.0394
4.94,2.7812
4.95,2.5249
4.96,2.2514
4.97,1.9588
4.98,1.6699
4.99,1.3409
5.00,1.0329
5.01,0.7058
5.02,0.3787
5.03,0.0515
5.04,-0.2756
5.05,-0.6027
5.06,-0.9298
5.07,-1.2586
5.08,-1.5685
5.09,-1.8784
5.10,-2.1883
5.11,-2.4998
5.12,-2.7942
5.13,-3.0696
5.14,-3.3466
5.15,-3.6048
5.16,-3.8679
5.17,-4.0728
5.18,-4.2997
5.19,-4.4906
5.20,-4.6643
5.21,-4.8207
5.22,-4.9615
5.23,-5.0631
5.24,-5.1882
5.25,-5.2586
5.26,-5.3102
5.27,-5.3649
5.28,-5.3851
5.29,-5.3679
5.30,-5.3538
5.31,-5.3038
5.32,-5.2381
5.33,-5.1349
5.34,-5.0348
5.35,-4.8988
5.36,-4.7441
5.37,-4.5925
5.38,-4.4034
5.39,-4.2175
5.40,-3.9941
5.41,-3.7722
5.42,-3.5332
5.43,-3.2754
5.44,-3.0209
5.45,-2.7288
5.46,-2.4383
5.47,-2.1273
5.48,-1.8386
5.49,-1.5103
5.50,-1.2010
5.51,-0.8934
5.52,-0.5652
5.53,-0.2577
5.54,0.0706
5.55,0.3800
5.56,0.6893
5.57,0.9986
5.58,1.3098
5.59,1.6020
5.60,1.8960
5.61,2.1710
5.62,2.4498
5.63,2.6904
5.64,2.9350
5.65,3.1393
5.66,3.3687
5.67,3.5406
5.68,3.7165
5.69,3.8520
5.70,4.0108
5.71,4.1351
5.72,4.2211
5.73,4.3091
5.74,4.3799
5.75,4.4356
5.76,4.4589
5.77,4.4184
5.78,4.4417
5.79,4.4073
5.80,4.3789
5.81,4.3030
5.82,4.1148
5.83,4.0905
5.84,3.9740
5.85,3.8192
5.86,3.6683
5.87,3.4790
5.88,3.2916
5.89,3.0871
5.90,2.8653
5.91,2.6262
5.92,2.3681
5.93,2.1118
5.94,1.8364
5.95,1.5647
5.96,1.2530
5.97,0.9622
5.98,0.6523
5.99,0.3424
6.00,0.0325
6.01,-0.2774
6.02,-0.5890
6.03,-0.8799
6.04,-1.1915
6.05,-1.4824
6.06,-1.7923
6.07,-2.1039
6.08,-2.3949
6.09,-2.7164
6.10,-2.8991
6.11,-3.1589
6.12,-3.4015
6.13,-3.6269
6.14,-3.8351
6.15,-4.0260
6.16,-4.1980
6.17,-4.3733
6.18,-4.5110
6.19,-4.6518
6.20,-4.7566
6.21,-4.8426
6.22,-4.9317
6.23,-4.9849
6.24,-5.0224
6.25,-5.0224
6.26,-5.0240
6.27,-5.0099
6.28,-4.9583
6.29,-4.9098
6.30,-4.8269
6.31,-4.7050
6.32,-4.6066
6.33,-4.4518
6.34,-4.2987
6.35,-4.1268
6.36,-3.9581
6.37,-3.7534
6.38,-3.5300
6.39,-3.3082
6.40,-3.0692
6.41,-2.8114
6.42,-2.5552
6.43,-2.2803
6.44,-2.0070
6.45,-1.7148
6.46,-1.4227
6.47,-1.1305
6.48,-0.8401
6.49,-0.5290
6.50,-0.2387
6.51,0.0725
6.52,0.3628
6.53,0.6739
6.54,0.9679
6.55,1.2429
6.56,1.5179
6.57,1.7929
6.58,2.0717
6.59,2.3142
6.60,2.5377
6.61,2.7631
6.62,2.9733
6.63,3.1432
6.64,3.3363
6.65,3.4910
6.66,3.6497
6.67,3.7720
6.68,3.8752
6.69,3.9824
6.70,4.0532
6.71,4.1068
6.72,4.1432
6.73,4.1624
6.74,4.1644
6.75,4.1492
6.76,4.1168
6.77,4.0692
6.78,3.9852
6.79,3.8800
6.80,3.8000
6.81,3.6623
6.82,3.5266
6.83,3.3737
6.84,3.2036
6.85,3.0163
6.86,2.8097
6.87,2.6052
6.88,2.3853
6.89,2.1252
6.90,1.8861
6.91,1.6298
6.92,1.3544
6.93,1.0789
6.94,0.8035
6.95,0.5299
6.96,0.2355
6.97,-0.0381
6.98,-0.3308
6.99,-0.6217
7.00,-0.9368
7.01,-1.1933
7.02,-1.4652
7.03,-1.7803
7.04,-2.0367
7.05,-2.3172
7.06,-2.5376
7.07,-2.8008
7.08,-3.0057
7.09,-3.2311
7.10,-3.4392
7.11,-3.6302
7.12,-3.8022
7.13,-3.9759
7.14,-4.1340
7.15,-4.2545
7.16,-4.3765
7.17,-4.4813
7.18,-4.5689
7.19,-4.6409
7.20,-4.6768
7.21,-4.6956
7.22,-4.6972
7.23,-4.6815
7.24,-4.6487
7.25,-4.5987
7.26,-4.5315
7.27,-4.4471
7.28,-4.3455
7.29,-4.2252
7.30,-4.1096
7.31,-3.9361
7.32,-3.7846
7.33,-3.5971
7.34,-3.3908
7.35,-3.1862
7.36,-2.9644
7.37,-2.7238
7.38,-2.4848
7.39,-2.2270
7.40,-1.9709
7.41,-1.6942
7.42,-1.4381
7.43,-1.1632
7.44,-0.8882
7.45,-0.6150
7.46,-0.3210
7.47,-0.0460
7.48,0.2289
7.49,0.5039
7.50,0.7807
7.51,1.0367
7.52,1.3154
7.53,1.5542
7.54,1.8139
7.55,2.0564
7.56,2.2818
7.57,2.4900
7.58,2.6810
7.59,2.8529
7.60,3.0268
7.61,3.1815
7.62,3.3402
7.63,3.4625
7.64,3.5657
7.65,3.6709
7.66,3.7608
7.67,3.8144
7.68,3.8508
7.69,3.8700
7.70,3.8700
7.71,3.8740
7.72,3.8396
7.73,3.8092
7.74,3.7404
7.75,3.6755
7.76,3.5723
7.77,3.4711
7.78,3.3546
7.79,3.1977
7.80,3.0659
7.81,2.8727
7.82,2.7256
7.83,2.5000
7.84,2.2954
7.85,2.0735
7.86,1.8345
7.87,1.5744
7.88,1.3353
7.89,1.0771
7.90,0.8207
7.91,0.5453
7.92,0.2681
7.93,0.0117
7.94,-0.2637
7.95,-0.5409
7.96,-0.7974
7.97,-1.0745
7.98,-1.3310
7.99,-1.6081
8.00,-1.8680
8.01,-2.1090
8.02,-2.3517
8.03,-2.5754
8.04,-2.8008
8.05,-3.0090
8.06,-3.1983
8.07,-3.3892
8.08,-3.5630
8.09,-3.7146
8.10,-3.9039
8.11,-4.0980
8.12,-4.2372
8.13,-4.3609
8.14,-4.4485
8.15,-4.5189
8.16,-4.5736
8.17,-4.5908
8.18,-4.6112
8.19,-4.5940
8.20,-4.5799
8.21,-4.5283
8.22,-4.4799
8.23,-4.3939
8.24,-4.3095
8.25,-4.2080
8.26,-4.0892
8.27,-3.9533
8.28,-3.8002
8.29,-3.6347
8.30,-3.3957
8.31,-3.1346
8.32,-2.9112
8.33,-2.6877
8.34,-2.4659
8.35,-2.2253
8.36,-1.9847
8.37,-1.7441
8.38,-1.5069
8.39,-1.2302
8.40,-0.9723
8.41,-0.7145
8.42,-0.4585
8.43,-0.1817
8.44,0.0743
8.45,0.3511
8.46,0.6089
8.47,0.8648
8.48,1.1435
8.49,1.3842
8.50,1.6267
8.51,1.8520
8.52,2.0564
8.53,2.2837
8.54,2.4728
8.55,2.6658
8.56,2.8185
8.57,2.9944
8.58,3.1339
8.59,3.2542
8.60,3.3864
8.61,3.3878
8.62,3.5525
8.63,3.6232
8.64,3.6768
8.65,3.7152
8.66,3.7152
8.67,3.7172
8.68,3.7040
8.69,3.6524
8.70,3.6027
8.71,3.5359
8.72,3.4499
8.73,3.3678
8.74,3.2474
8.75,3.1309
8.76,2.9760
8.77,2.8231
8.78,2.6529
8.79,2.4675
8.80,2.2418
8.81,2.0372
8.82,1.8153
8.83,1.5725
8.84,1.3525
8.85,1.0924
8.86,0.8533
8.87,0.5951
8.88,0.3369
8.89,0.0787
8.90,-0.1777
8.91,-0.4549
8.92,-0.7131
8.93,-0.9713
8.94,-1.2294
8.95,-1.4876
8.96,-1.7476
8.97,-1.9902
8.98,-2.2123
8.99,-2.4549
9.00,-2.6820
9.01,-2.8697
9.02,-3.0778
9.03,-3.2688
9.04,-3.4425
9.05,-3.5974
9.06,-3.7539
9.07,-3.8931
9.08,-4.0152
9.09,-4.1200
9.10,-4.2076
9.11,-4.2780
9.12,-4.3312
9.13,-4.3656
9.14,-4.4032
9.15,-4.4048
9.16,-4.3892
9.17,-4.3564
9.18,-4.3064
9.19,-4.2376
9.20,-4.1720
9.21,-4.0688
9.22,-3.9689
9.23,-3.8313
9.24,-3.6970
9.25,-3.5251
9.26,-3.3532
9.27,-3.1846
9.28,-2.9766
9.29,-2.7909
9.30,-2.5674
9.31,-2.3456
9.32,-2.1033
9.33,-1.8833
9.34,-1.6117
9.35,-1.5051
9.36,-1.2421
9.37,-1.0446
9.38,-0.7471
9.39,-0.5101
9.40,-0.2315
9.41,0.0073
9.42,0.2651
9.43,0.5229
9.44,0.7844
9.45,1.0042
9.46,1.2657
9.47,1.4817
9.48,1.7776
9.49,2.0392
9.50,2.2684
9.51,2.4384
9.52,2.6314
9.53,2.7880
9.54,2.9256
9.55,3.0651
9.56,3.1874
9.57,3.2926
9.58,3.3805
9.59,3.4513
9.60,3.5048
9.61,3.5392
9.62,3.5776
9.63,3.5776
9.64,3.5816
9.65,3.5472
9.66,3.5147
9.67,3.4631
9.68,3.4155
9.69,3.3334
9.70,3.2110
9.71,3.1097
9.72,2.9932
9.73,2.8364
9.74,2.7045
9.75,2.5152
9.76,2.3259
9.77,2.1385
9.78,1.9320
9.79,1.7274
9.80,1.5036
9.81,1.2836
9.82,1.0217
9.83,0.7998
9.84,0.5607
9.85,0.3025
9.86,0.0443
9.87,-0.2139
9.88,-0.4721
9.89,-0.7303
9.90,-0.9885
9.91,-1.2484
9.92,-1.4894
9.93,-1.7321
9.94,-1.9558
9.95,-2.1795
9.96,-2.4033
9.97,-2.6304
9.98,-2.8197
9.99,-3.0090
10.00,-3.1999
10.01,-3.3737
10.02,-3.5302
10.03,-3.6678
10.04,-3.8087
10.05,-3.9119
10.06,-4.0184
10.07,-4.0872
10.08,-4.1576
10.09,-4.2108
10.10,-4.2468
10.11,-4.2656
10.12,-4.2672
10.13,-4.2500
10.14,-4.2360
10.15,-4.1844
10.16,-4.1360
10.17,-4.0500
10.18,-3.9656
10.19,-3.8657
10.20,-3.7265
10.21,-3.5997
10.22,-3.5578
10.23,-3.4031
10.24,-3.2517
10.25,-3.0626
10.26,-2.8751
10.27,-2.6705
10.28,-2.4454
10.29,-2.2425
10.30,-2.0019
10.31,-1.7595
10.32,-1.5412
10.33,-1.2610
10.34,-1.0569
10.35,-0.6197
10.36,-0.4639
10.37,-0.1284
10.38,0.1104
10.39,0.3701
10.40,0.6125
10.41,0.8341
10.42,1.0766
10.43,1.3001
10.44,1.5254
10.45,1.7317
10.46,1.9399
10.47,2.1290
10.48,2.3219
10.49,2.4747
10.50,2.6505
10.51,2.7900
10.52,2.9103
10.53,3.0327
10.54,3.1398
10.55,3.2066
10.56,3.2965
10.57,3.3501
10.58,3.3983
10.59,3.3044
10.60,3.2872
10.61,3.2700
10.62,3.2547
10.63,3.2223
10.64,3.1727
10.65,3.1078
10.66,3.0026
10.67,2.9166
10.68,2.8383
10.69,2.6796
10.70,2.5611
10.71,2.4253
10.72,2.2685
10.73,2.1385
10.74,1.9282
10.75,1.7486
10.76,1.6718
10.77,1.2994
10.78,1.2301
10.79,0.9873
10.80,0.7654
10.81,0.5244
10.82,0.2835
10.83,0.0425
10.84,-0.1985
10.85,-0.4377
10.86,-0.6994
10.87,-0.9214
10.88,-1.1623
10.89,-1.4050
10.90,-1.6288
10.91,-1.8543
10.92,-2.0608
10.93,-2.2673
10.94,-2.4755
10.95,-2.6665
10.96,-2.8386
10.97,-3.0123
10.98,-3.1672
10.99,-3.3220
11.00,-3.4834
11.01,-3.5646
11.02,-3.7022
11.03,-3.8496
11.04,-3.8840
11.05,-3.9087
11.06,-4.0576
11.07,-4.0780
11.08,-4.0624
11.09,-4.0248
11.10,-4.0280
11.11,-3.9952
11.12,-3.9452
11.13,-3.8764
11.14,-3.8093
11.15,-3.7249
11.16,-3.6234
11.17,-3.5030
11.18,-3.3843
11.19,-3.2484
11.20,-3.0953
11.21,-2.9234
11.22,-2.7515
11.23,-2.5829
11.24,-2.3750
11.25,-2.1875
11.26,-1.9830
11.27,-1.7595
11.28,-1.5343
11.29,-1.3315
11.30,-1.0892
11.31,-0.8675
11.32,-0.6268
11.33,-0.3844
11.34,-0.1628
11.35,0.0797
11.36,0.3013
11.37,0.5438
11.38,0.7691
11.39,0.9754
11.40,1.1816
11.41,1.3879
11.42,1.5961
11.43,1.7889
11.44,1.9475
11.45,2.0564
11.46,2.2971
11.47,2.3621
11.48,2.4614
11.49,2.6105
11.50,2.6352
11.51,2.7575
11.52,2.8666
11.53,2.9201
11.54,2.9564
11.55,2.9736
11.56,2.9908
11.57,3.0080
11.58,3.0155
11.59,3.1343
11.60,3.1019
11.61,3.0522
11.62,2.9854
11.63,2.8994
11.64,2.8153
11.65,2.7140
11.66,2.5955
11.67,2.4578
11.68,2.3221
11.69,2.1672
11.70,2.0143
11.71,1.8441
11.72,1.6548
11.73,1.4673
11.74,1.2589
11.75,1.0734
11.76,0.8533
11.77,0.5970
11.78,0.3161
11.79,0.0978
11.80,-0.1813
11.81,-0.4258
11.82,-0.6305
11.83,-0.8525
11.84,-1.0970
11.85,-1.3035
11.86,-1.5100
11.87,-1.7166
11.88,-1.9231
11.89,-2.1313
11.90,-2.3223
11.91,-2.4927
11.92,-2.6854
11.93,-2.8402
11.94,-2.9951
11.95,-3.1516
11.96,-3.2909
11.97,-3.4130
11.98,-3.5162
11.99,-3.6227
12.00,-3.6899
12.01,-3.7792
12.02,-3.8324
12.03,-3.8684
12.04,-3.8872
12.05,-3.8872
12.06,-3.8920
12.07,-3.8469
12.08,-3.7217
12.09,-3.6513
12.10,-3.6029
12.11,-3.5169
12.12,-3.4326
12.13,-3.3294
12.14,-3.2295
12.15,-3.0920
12.16,-2.9545
12.17,-2.8186
12.18,-2.6655
12.19,-2.4936
12.20,-2.3234
12.21,-2.1343
12.22,-1.9469
12.23,-1.7389
12.24,-1.5533
12.25,-1.3281
12.26,-1.1235
12.27,-0.8983
12.28,-0.6938
12.29,-0.4704
12.30,-0.2451
12.31,-0.0388
12.32,0.1656
12.33,0.3909
12.34,0.5972
12.35,0.8053
12.36,0.9944
12.37,1.1835
12.38,1.3726
12.39,1.5636
12.40,1.7374
12.41,1.8921
12.42,2.0487
12.43,2.1882
12.44,2.3086
12.45,2.4328
12.46,2.5168
12.47,2.6239
12.48,2.6926
12.49,2.7653
12.50,2.7997
12.51,2.8341
12.52,2.8724
12.53,2.8724
12.54,2.8743
12.55,2.8571
12.56,2.8438
12.57,2.7922
12.58,2.7426
12.59,2.6757
12.60,2.5916
12.61,2.4884
12.62,2.3851
12.63,2.2877
12.64,2.1290
12.65,2.0124
12.66,1.8575
12.67,1.7045
12.68,1.5324
12.69,1.3603
12.70,1.2032
12.71,0.8859
12.72,0.6412
12.73,0.4329
12.74,0.2454
12.75,0.0389
12.76,-0.1658
12.77,-0.3914
12.78,-0.5997
12.79,-0.7872
12.80,-0.9937
12.81,-1.2003
12.82,-1.4085
12.83,-1.5978
12.84,-1.7888
12.85,-1.9592
12.86,-2.1502
12.87,-2.3240
12.88,-2.4789
12.89,-2.6337
12.90,-2.7903
12.91,-2.9296
12.92,-3.0500
12.93,-3.1721
12.94,-3.2770
12.95,-3.3647
12.96,-3.4335
12.97,-3.5039
12.98,-3.5555
12.99,-3.6104
13.00,-3.6276
13.01,-3.6464
13.02,-3.6480
13.03,-3.6308
13.04,-3.6169
13.05,-3.5653
13.06,-3.5153
13.07,-3.4482
13.08,-3.3622
13.09,-3.2795
13.10,-3.1575
13.11,-3.0576
13.12,-2.9184
13.13,-2.8014
13.14,-2.6467
13.15,-2.4919
13.16,-2.3389
13.17,-2.1670
13.18,-1.9951
13.19,-1.8266
13.20,-1.6186
13.21,-1.4312
13.22,-1.2232
13.23,-1.0358
13.24,-0.8313
13.25,-0.6096
13.26,-0.3744
13.27,-0.0732
13.28,0.1349
13.29,0.3221
13.30,0.5303
13.31,0.7193
13.32,0.9084
13.33,1.0975
13.34,1.2904
13.35,1.4432
13.36,1.6189
13.37,1.7546
13.38,1.9112
13.39,2.0506
13.40,2.1729
13.41,2.2761
13.42,2.3812
13.43,2.4672
13.44,2.5551
13.45,2.6258
13.46,2.6793
13.47,2.7137
13.48,2.7501
13.49,2.7692
13.50,2.7711
13.51,2.7539
13.52,2.7387
13.53,2.7082
13.54,2.6393
13.55,2.5725
13.56,2.4845
13.57,2.4196
13.58,2.3182
13.59,2.1978
13.60,2.0793
13.61,1.9435
13.62,1.7887
13.63,1.6357
13.64,1.4636
13.65,1.2915
13.66,1.1213
13.67,0.9320
13.68,0.7427
13.69,0.5552
13.70,0.3487
13.71,0.1421
13.72,-0.0662
13.73,-0.2537
13.74,-0.4620
13.75,-0.6495
13.76,-0.8578
13.77,-1.0454
13.78,-1.2536
13.79,-1.4429
13.80,-1.6340
13.81,-1.8009
13.82,-2.0229
13.83,-2.2707
13.84,-2.4428
13.85,-2.6182
13.86,-2.7559
13.87,-2.8952
13.88,-3.0173
13.89,-3.1205
13.90,-3.2254
13.91,-3.3130
13.92,-3.3819
13.93,-3.4523
13.94,-3.5055
13.95,-3.5416
13.96,-3.5588
13.97,-3.5776
13.98,-3.5792
13.99,-3.5637
14.00,-3.5293
14.01,-3.4965
14.02,-3.4465
14.03,-3.3777
14.04,-3.3122
14.05,-3.2074
14.06,-3.1247
14.07,-3.0044
14.08,-2.8840
14.09,-2.7670
14.10,-2.6106
14.11,-2.4747
14.12,-2.3200
14.13,-2.1670
14.14,-1.9968
14.15,-1.8077
14.16,-1.6186
14.17,-1.4295
14.18,-1.2404
14.19,-1.0513
14.20,-0.8622
14.21,-0.6749
14.22,-0.4686
14.23,-0.2605
14.24,-0.0714
14.25,0.1177
14.26,0.3068
14.27,0.4977
14.28,0.6678
14.29,0.8587
14.30,1.0325
14.31,1.1854
14.32,1.3591
14.33,1.5158
14.34,1.6552
14.35,1.7755
14.36,1.8978
14.37,1.9991
14.38,2.1232
14.39,2.2111
14.40,2.2799
14.41,2.3506
14.42,2.4022
14.43,2.4557
14.44,2.4921
14.45,2.5112
14.46,2.5093
14.47,2.5245
14.48,2.5589
14.49,2.6146
14.50,2.4366
14.51,2.5017
14.52,2.4368
14.53,2.3316
14.54,2.2475
14.55,2.1462
14.56,2.0257
14.57,1.9072
14.58,1.7695
14.59,1.6338
14.60,1.4808
14.61,1.3068
14.62,1.1538
14.63,0.9836
14.64,0.7943
14.65,0.6032
14.66,0.4347
14.67,0.2264
14.68,0.0407
14.69,-0.1902
14.70,-0.3362
14.71,-0.5736
14.72,-0.8561
14.73,-1.0661
14.74,-1.2364
14.75,-1.4257
14.76,-1.6150
14.77,-1.8061
14.78,-1.9781
14.79,-2.1502
14.80,-2.3240
14.81,-2.4789
14.82,-2.6371
14.83,-2.7592
14.84,-2.8608
14.85,-2.9812
14.86,-3.1066
14.87,-3.1705
14.88,-3.3008
14.89,-3.3098
14.90,-3.4179
14.91,-3.4744
14.92,-3.4711
14.93,-3.5088
14.94,-3.5104
14.95,-3.4900
14.96,-3.5104
14.97,-3.4949
14.98,-3.4637
14.99,-3.3966
15.00,-3.3057
